StartDate,EndDate,Status,IPAddress,Progress,Duration (in seconds),Finished,RecordedDate,ResponseId,RecipientLastName,RecipientFirstName,RecipientEmail,ExternalReference,LocationLatitude,LocationLongitude,DistributionChannel,UserLanguage,jobstatus,jobhours,jobpay,jobdesc,g1,g2,g3,g4,g5,g6,g7,g8,g9,att1,g10,g11,g12,m1,m2,m3,m4,m5,m6,m7,m8,m9,m10,m11,m12,m13,m14,m15,m16,b1,b2,b3,b4,b5,age,gender,education,grit,rai,bo
1/4/21 10:19,1/4/21 10:20,1,,100,66,1,1/4/21 10:20,R_2wgGPpcDNAO1iMJ,,,,,39.95970154,-75.19950104,preview,EN,,,,,,,,,,,,,,,,,,,,,,,,,,,,,,,,,,,,,,,,,,,,
1/4/21 15:55,1/4/21 15:58,1,,100,166,1,1/4/21 15:58,R_bfGJ4zMuvX9hPWN,,,,,39.95970154,-75.19950104,preview,EN,5,,,,1,2,3,3,3,1,1,4,3,2,4,4,5,1,1,1,1,1,1,1,1,1,5,5,5,5,5,5,5,1,1,1,1,1,11,1,6,36,24,25
1/4/21 16:20,1/4/21 16:20,1,,100,10,1,1/4/21 16:20,R_eWhOo58jzhCu7br,,,,,39.95970154,-75.19950104,preview,EN,3,5,5,,,,,,,,,,,,,,,,,,,,,,,,,,,,,,,,,,,,,,,,,
1/4/21 19:41,1/4/21 19:51,1,,100,542,1,1/4/21 19:51,R_1CatK5iTquEu7sZ,,,,,39.93569946,-75.18319702,preview,EN,1,6,6,zoologist,2,2,2,2,2,2,2,2,2,3,2,2,2,5,5,3,4,1,1,1,1,1,1,1,1,1,1,1,1,2,2,2,2,2,17,2,7,36,61,20
1/4/21 20:20,1/4/21 20:26,1,,100,351,1,1/4/21 20:26,R_1mlbV4wHckZXK6E,,,,,34.05439758,-118.2440033,preview,EN,1,5,9,"Research Scientist
",1,3,4,4,4,1,5,5,1,3,1,3,1,1,2,4,5,1,4,2,4,1,1,1,1,2,4,3,2,2,3,3,3,2,34,1,7,51,56,17
1/5/21 04:06,1/5/21 04:23,1,,100,1014,1,1/5/21 04:23,R_30egs7p4Pdqkr6X,,,,,39.96640015,-75.16850281,preview,EN,1,5,4,Research coordinator,1,3,4,2,3,1,5,5,2,3,1,5,1,2,4,4,5,4,4,4,4,1,1,1,1,1,1,1,1,4,3,5,5,5,10,1,5,53,71,8
1/5/21 08:20,1/5/21 08:20,1,,100,46,1,1/5/21 08:20,R_30hE2p6DjF0IwEO,,,,,27.90910339,-82.80280304,preview,EN,,,9,,,,,,,,,,,,,,,,,,,,,,,,,,,,,,,,,,,,,,,,,
1/5/21 15:13,1/5/21 15:14,1,,100,19,1,1/5/21 15:14,R_1KjqYYR8KouR5cs,,,,,27.90910339,-82.80280304,preview,EN,2,8,7,"
",,,,,,,,,,,,,,,,,,,,,,,,,,,,,,,,,,,,,,,,
1/5/21 15:14,1/5/21 15:17,1,,100,176,1,1/5/21 15:17,R_3OqdZqueanXF3st,,,,,27.90910339,-82.80280304,preview,EN,1,7,6,,1,5,5,1,5,1,5,5,1,1,1,5,1,4,3,4,2,4,2,4,1,4,2,4,4,4,3,3,3,5,4,4,3,1,,4,8,60,45,13
1/5/21 15:24,1/5/21 15:26,1,,100,144,1,1/5/21 15:26,R_1EKTpU3V5TWQh1f,,,,,27.90910339,-82.80280304,preview,EN,4,6,6,,,,,,,,,,,,,,,,,,,,,,,,,,,,,,,,,,,,,,,,,
1/5/21 15:26,1/5/21 15:26,1,,100,23,1,1/5/21 15:26,R_3Vo6AXsOXvMweXf,,,,,39.95440674,-75.16570282,preview,EN,6,4,3,,,,,,,,,,,,,,,,,,,,,,,,,,,,,,,,,,,,,,,,,
1/5/21 15:26,1/5/21 15:28,1,,100,117,1,1/5/21 15:28,R_2EtrG5rqlMdsEHP,,,,,27.90910339,-82.80280304,preview,EN,1,7,7,,,,,,,,,,,,,,,,,,,,,,,,,,,,,,,,,,,,,,7,,,
1/5/21 17:31,1/5/21 17:34,1,,100,188,1,1/5/21 17:34,R_3qEeezx8b2GtBgZ,,,,,27.90910339,-82.80280304,preview,EN,1,8,11,delete,1,3,4,2,3,1,3,4,1,3,1,3,1,5,3,3,5,4,2,3,2,2,2,1,1,2,2,2,2,4,4,3,1,2,11,1,5,49,61,16
1/6/21 10:23,1/6/21 10:26,0,100.19.115.98,100,158,1,1/6/21 10:26,R_RV9vNymDUF95wtz,,,,,40.2480011,-75.45670319,anonymous,EN,1,5,1,delete,3,3,3,3,3,3,3,3,3,3,3,3,3,2,2,2,2,2,2,1,5,4,2,2,2,2,2,2,2,5,4,3,2,1,9,2,6,36,48,15
1/6/21 11:11,1/6/21 11:31,1,,100,1223,1,1/6/21 11:31,R_ULtIavjkiZCZLCF,,,,,39.92880249,116.3888855,preview,EN,6,6,1,,,,,,,,,,,,,,,,,,,,,,,,,,,,,,,,,,,,,,,,,
1/6/21 11:31,1/6/21 11:32,1,,100,35,1,1/6/21 11:32,R_3PvF0Tj1qdRmI1A,,,,,39.92880249,116.3888855,preview,EN,6,8,4,student,,,,,,,,,,,,,,,,,,,,,,,,,,,,,,,,,,,,,,,,
1/6/21 11:32,1/6/21 11:33,1,,100,18,1,1/6/21 11:33,R_22mhWkEEv3VY3CB,,,,,39.92880249,116.3888855,preview,EN,2,4,4,,,,,,,,,,,,,,,,,,,,,,,,,,,,,,,,,,,,,,,,,
1/6/21 11:33,1/6/21 11:33,1,,100,21,1,1/6/21 11:33,R_3MtzNxJgkYFI70B,,,,,39.92880249,116.3888855,preview,EN,1,1,2,,,,,,,,,,,,,,,,,,,,,,,,,,,,,,,,,,,,,,,,,
1/6/21 11:33,1/6/21 11:37,1,,100,217,1,1/6/21 11:37,R_1kLy5mRoYbun4BY,,,,,39.92880249,116.3888855,preview,EN,1,6,6,delete,3,2,4,4,1,2,2,1,2,4,4,4,3,4,4,4,4,4,4,4,4,4,4,4,4,4,4,4,4,2,3,3,3,3,11,2,7,32,48,16
1/7/21 06:20,1/7/21 06:20,0,100.19.115.98,100,18,1,1/7/21 06:20,R_w5G1vMpHbfffC8h,,,,,40.2480011,-75.45670319,anonymous,EN,1,1,1,delete,,,,,,,,,,,,,,,,,,,,,,,,,,,,,,,,,,,,,,,,
1/7/21 06:21,1/7/21 06:24,0,100.19.115.98,100,207,1,1/7/21 06:24,R_2dsEPE8gxbXJPzw,,,,,40.2480011,-75.45670319,anonymous,EN,1,5,1,delete,1,1,1,1,1,1,1,1,1,,1,1,1,1,1,1,1,1,1,1,1,1,1,1,1,1,1,1,1,1,1,1,1,1,9,2,6,36,48,25
1/7/21 07:00,1/7/21 07:02,0,100.19.115.98,100,88,1,1/7/21 07:02,R_31z2xUjHKLE3rKY,,,,,40.2480011,-75.45670319,anonymous,EN,1,5,1,delete,2,2,2,2,2,2,2,2,2,2,2,2,2,1,1,1,1,1,1,1,1,1,1,1,1,1,1,1,1,2,2,2,2,2,9,2,7,36,48,20
1/7/21 07:06,1/7/21 07:09,0,173.67.4.254,100,167,1,1/7/21 07:09,R_e9a3CNrjUYcujCx,,,,,39.27259827,-76.86139679,anonymous,EN,1,5,10,"Project Engineer, in charge of overseeing manufacturing line, correcting quality assurance issues, and developing solutions to process concerns.",4,1,1,3,1,4,1,4,3,3,3,1,4,3,1,2,1,1,1,3,1,2,3,2,3,2,3,2,4,2,2,3,2,5,16,1,5,24,40,16
1/7/21 07:08,1/7/21 07:09,0,24.155.24.152,100,21,1,1/7/21 07:09,R_1CHLr0vuHowbomv,,,,,27.67759705,-97.36509705,anonymous,EN,1,4,6,"Pilot
",,,,,,,,,,,,,,,,,,,,,,,,,,,,,,,,,,,,,,,,
1/7/21 07:08,1/7/21 07:09,0,24.218.136.245,100,66,1,1/7/21 07:09,R_3ElMh0NPrqqk49L,,,,,41.31860352,-72.93019867,anonymous,EN,6,6,4,"I am an MD-PhD student, so MD student right now, but I receive a stipend because of my status as a graduate student.",,,,,,,,,,,,,,,,,,,,,,,,,,,,,,,,,,,,,,,,
1/7/21 07:06,1/7/21 07:09,0,97.99.21.242,100,207,1,1/7/21 07:09,R_2ZCFdaW0XfxSGWT,,,,,32.93479919,-96.79470062,anonymous,EN,1,5,5,Commercial interior designer ,2,1,1,3,2,1,2,1,2,3,2,1,2,1,1,1,1,1,1,1,2,1,1,2,2,2,3,2,3,1,1,1,1,1,6,2,5,32,41,25
1/7/21 07:07,1/7/21 07:10,0,71.74.66.144,100,185,1,1/7/21 07:10,R_dcJ9sV7fLxoXjup,,,,,41.50219727,-83.73310089,anonymous,EN,1,5,6,Business Analyst,1,4,3,2,4,2,5,4,1,3,1,2,2,1,1,4,4,1,1,4,3,1,1,1,1,1,1,1,1,4,5,5,5,5,19,3,6,49,59,6
1/7/21 07:07,1/7/21 07:10,0,76.205.135.128,100,230,1,1/7/21 07:11,R_1LA7ofAs7ejf6HP,,,,,35.80900574,-86.89129639,anonymous,EN,1,5,9,I am a senior financial analyst. I forecast sales and analyze trends.,4,3,3,4,2,3,3,3,4,3,4,4,3,4,3,2,3,2,2,2,2,4,4,2,4,3,4,3,4,2,1,3,2,4,12,1,5,32,40,18
1/7/21 07:08,1/7/21 07:11,0,71.245.168.9,100,136,1,1/7/21 07:11,R_2Ejld0OLaJsKcsn,,,,,39.26190186,-76.49919891,anonymous,EN,1,5,7,IT Support Specialist,2,4,4,3,3,1,4,5,1,3,2,3,2,3,3,2,4,2,1,2,3,1,1,1,2,2,3,2,4,4,2,4,2,1,27,1,5,48,52,17
1/7/21 07:10,1/7/21 07:11,0,75.4.176.187,100,35,1,1/7/21 07:11,R_2rVkRXFikA10huH,,,,,33.19760132,-96.61779785,anonymous,EN,1,4,12,IT Manager,,,,,,,,,,,,,,,,,,,,,,,,,,,,,,,,,,,,,,,,
1/7/21 07:08,1/7/21 07:11,0,24.142.157.242,100,197,1,1/7/21 07:11,R_3MtEgCXo5MaJt78,,,,,41.04130554,-83.64610291,anonymous,EN,1,6,6,I am a teacher. I teach history. ,1,4,4,2,4,1,4,4,1,3,1,5,1,4,4,4,5,2,1,3,3,1,1,1,1,1,1,2,1,5,4,5,5,3,33,1,6,54,65,8
1/7/21 07:07,1/7/21 07:11,0,72.193.18.132,100,206,1,1/7/21 07:11,R_3nemoCEX1XaeJum,,,,,36.10910034,-114.9206009,anonymous,EN,1,5,5,Senior Human Resources Specialist ,1,3,1,2,2,1,4,4,2,3,3,3,2,1,2,2,3,1,1,1,2,2,2,2,2,1,1,2,2,4,4,4,4,4,8,1,5,42,47,10
1/7/21 07:09,1/7/21 07:11,0,24.155.24.152,100,117,1,1/7/21 07:11,R_DNrWMfXt1PZuZC9,,,,,27.67759705,-97.36509705,anonymous,EN,1,5,6,pilot,2,4,2,2,2,2,4,2,2,3,2,3,1,3,2,4,2,2,4,2,2,2,2,1,1,2,1,4,2,2,2,2,2,2,8,1,5,42,54,20
1/7/21 07:07,1/7/21 07:11,0,107.77.196.190,100,242,1,1/7/21 07:11,R_2rNhk2qBAIW2MMh,,,,,32.87539673,-96.71029663,anonymous,EN,1,5,11,I work as a materials Engineer for an oil and gas company. I help specify what metals equipment should be made out of. ,3,2,3,2,1,3,3,4,3,3,3,2,2,4,3,3,4,2,2,2,3,2,2,3,3,5,4,5,5,1,2,1,1,2,9,1,5,35,46,23
1/7/21 07:11,1/7/21 07:11,0,73.146.51.80,100,27,1,1/7/21 07:11,R_ymdx1WyascXfe6d,,,,,39.93499756,-85.84850311,anonymous,EN,1,4,11,Analyst,,,,,,,,,,,,,,,,,,,,,,,,,,,,,,,,,,,,,,,,
1/7/21 07:07,1/7/21 07:12,0,74.102.53.16,100,290,1,1/7/21 07:12,R_5sUCYbCqjd00Ta9,,,,,40.76620483,-74.01779938,anonymous,EN,1,5,11,Music licensing for TV,2,4,4,2,4,2,4,4,2,3,2,4,2,2,3,3,2,2,2,2,2,2,2,2,2,2,3,2,3,2,2,2,2,2,20,1,6,48,48,20
1/7/21 07:08,1/7/21 07:12,0,97.84.162.252,100,252,1,1/7/21 07:12,R_2SlykfEKLnyxabT,,,,,43.40519714,-83.92230225,anonymous,EN,1,5,3,supervisor and quality auditor in a manufacturing facility,2,4,5,1,5,1,5,5,1,3,1,4,1,3,3,2,4,2,2,1,3,2,1,1,1,1,2,2,2,4,4,4,4,2,27,1,3,57,56,12
1/7/21 07:09,1/7/21 07:12,0,68.133.13.36,100,183,1,1/7/21 07:12,R_8IJkTeR5bZzjUCB,,,,,43.04049683,-78.70220184,anonymous,EN,1,5,12,Systems Engineering manager for a medical device company,2,3,2,2,4,2,4,4,2,3,1,1,2,3,4,3,1,3,2,2,3,1,1,3,1,1,1,1,1,4,3,4,4,4,19,1,6,43,59,11
1/7/21 07:09,1/7/21 07:12,0,165.225.48.86,100,171,1,1/7/21 07:12,R_3IXDXAh0hTUb0Lw,,,,,38.83050537,-77.10140228,anonymous,EN,1,5,11,"Lead Associate
",3,3,3,3,3,3,4,4,3,3,3,3,3,2,2,2,2,2,2,1,2,3,2,2,2,2,2,2,2,3,3,3,3,3,13,1,5,38,46,15
1/7/21 07:06,1/7/21 07:12,0,66.168.107.9,100,354,1,1/7/21 07:12,R_1gnnoFt5e01RpNl,,,,,33.86169434,-84.53959656,anonymous,EN,1,5,8,Engineer,3,5,5,5,4,1,4,5,1,3,1,1,1,1,4,1,1,1,1,1,1,1,1,4,1,1,1,1,1,5,5,5,5,5,11,1,5,48,48,5
1/7/21 07:09,1/7/21 07:12,0,98.26.157.63,100,212,1,1/7/21 07:12,R_3HYT3ig835qENSJ,,,,,33.43080139,-79.32350159,anonymous,EN,1,5,5,Purchasing Agent,3,3,4,3,4,1,4,4,1,3,3,4,1,4,3,4,2,2,1,2,1,1,2,2,1,1,2,2,2,2,4,4,4,4,21,1,4,47,54,12
1/7/21 07:09,1/7/21 07:13,0,73.88.0.137,100,198,1,1/7/21 07:13,R_WBPaCJrxuS2qyCB,,,,,45.08000183,-93.02269745,anonymous,EN,1,5,7,IT System Administrator,3,2,3,4,2,2,4,3,3,3,3,3,2,2,4,3,4,2,2,2,2,2,2,2,2,2,3,3,1,4,3,5,4,4,7,1,5,36,52,10
1/7/21 07:12,1/7/21 07:13,0,68.15.233.60,100,35,1,1/7/21 07:13,R_2Tozx4OAvrHom9r,,,,,41.33329773,-96.04579926,anonymous,EN,1,4,5,Accounting Specialist,,,,,,,,,,,,,,,,,,,,,,,,,,,,,,,,,,,,,,,,
1/7/21 07:09,1/7/21 07:13,0,69.133.73.48,100,227,1,1/7/21 07:13,R_siYj3cVxRvdkhBD,,,,,41.38110352,-83.6556015,anonymous,EN,1,5,7,Researcher,2,1,1,2,1,2,2,1,3,3,2,1,4,4,2,2,2,1,1,2,2,2,2,2,2,4,4,4,4,4,4,2,1,4,18,1,7,28,40,15
1/7/21 07:07,1/7/21 07:13,0,23.84.11.91,100,370,1,1/7/21 07:13,R_1q4FLMjBOLpYPSo,,,,,38.4539032,-90.32800293,anonymous,EN,1,5,9,Digital Marketing Analyst,1,4,4,2,3,1,4,4,1,3,1,2,1,2,2,2,2,1,2,1,2,1,1,2,1,1,1,1,1,4,4,5,4,5,14,2,5,50,53,8
1/7/21 07:10,1/7/21 07:13,0,75.112.198.189,100,169,1,1/7/21 07:13,R_1JJii6CwjfBqpTJ,,,,,39.74360657,-86.11579895,anonymous,EN,1,5,11,Data Architect,2,3,3,2,3,2,3,4,3,3,2,3,2,3,1,2,3,1,2,1,2,2,1,2,1,1,3,2,2,4,4,4,2,3,19,1,6,42,49,13
1/7/21 07:10,1/7/21 07:13,0,209.105.2.242,100,165,1,1/7/21 07:13,R_1BSqZYfxdpqlKTK,,,,,42.69859314,-84.29019928,anonymous,EN,1,5,8,"Mechanical Engineer
",2,4,3,3,3,5,3,4,4,3,4,2,4,2,3,2,2,2,2,1,3,2,1,2,1,2,3,2,3,2,1,3,3,3,9,1,5,33,49,18
1/7/21 07:08,1/7/21 07:13,0,166.184.10.194,100,314,1,1/7/21 07:13,R_2AYipfhYShstN1y,,,,,33.74850464,-84.38710022,anonymous,EN,1,5,9,"I work with a financial company. I advice the company on what investments to make, I also bring it investments and close deals",2,4,5,1,1,2,4,4,2,3,2,4,2,3,3,4,3,2,2,2,2,2,2,2,2,2,2,2,2,5,4,4,4,4,15,2,6,47,53,9
1/7/21 07:07,1/7/21 07:13,0,73.211.62.151,100,348,1,1/7/21 07:13,R_1kUhCiUV7N8foHw,,,,,41.63519287,-87.73249817,anonymous,EN,1,5,6,I am an Early Childhood Educator ,3,3,3,4,4,2,3,3,2,3,2,3,2,2,2,2,1,1,1,1,1,1,1,1,1,1,1,1,2,2,3,4,3,2,15,2,6,40,50,16
1/7/21 07:11,1/7/21 07:13,0,50.197.123.217,100,144,1,1/7/21 07:13,R_1mkCrGTueoDnrQE,,,,,42.38450623,-83.040802,anonymous,EN,1,5,7,Financial Analyst,2,2,4,4,3,2,3,4,3,3,2,4,2,5,2,2,2,2,2,2,3,2,2,2,4,2,4,3,4,4,3,3,3,4,27,1,5,41,45,13
1/7/21 07:11,1/7/21 07:13,0,24.193.208.77,100,147,1,1/7/21 07:13,R_sUmy7KiSywv0yad,,,,,40.73649597,-74.00550079,anonymous,EN,1,5,11,Director of Strategic Partnerships ,2,3,4,4,3,2,3,4,2,3,4,4,2,4,4,4,4,2,2,2,2,2,2,2,2,2,2,2,3,4,4,4,4,5,23,2,5,41,55,9
1/7/21 07:10,1/7/21 07:13,0,23.242.139.246,100,187,1,1/7/21 07:13,R_2qeCVoAgDYX4pS4,,,,,33.75180054,-117.9931946,anonymous,EN,1,4,11,IT,,,,,,,,,,,,,,,,,,,,,,,,,,,,,,,,,,,,,,,,
1/7/21 07:11,1/7/21 07:13,0,165.225.38.100,100,127,1,1/7/21 07:13,R_2YSxid9U3SHXQ2n,,,,,40.72520447,-73.94400024,anonymous,EN,1,5,10,QA for software,2,4,4,3,4,1,4,4,1,3,1,1,1,3,5,5,5,5,5,5,5,1,1,1,1,1,1,1,1,5,5,5,5,5,17,1,5,48,78,5
1/7/21 07:10,1/7/21 07:14,0,73.91.192.170,100,232,1,1/7/21 07:14,R_D94eixDB6FKHes9,,,,,34.87219238,-88.59230042,anonymous,EN,1,5,5,web developer,1,4,3,1,2,1,4,3,1,3,1,1,1,3,1,1,1,1,1,1,1,1,1,1,3,4,5,1,3,1,1,1,1,1,18,1,5,47,39,25
1/7/21 07:09,1/7/21 07:14,0,12.49.248.18,100,270,1,1/7/21 07:14,R_1g1hPG6Q1twirHj,,,,,41.32710266,-81.45130157,anonymous,EN,1,6,8,"Director of Guest Services at a 500 room convention hotel

",2,3,4,2,4,1,4,4,1,3,3,3,1,3,2,2,1,1,2,1,3,1,1,1,1,2,2,1,2,3,2,4,3,1,27,1,5,48,52,17
1/7/21 07:08,1/7/21 07:14,0,69.113.132.34,100,333,1,1/7/21 07:14,R_31bZSmDFJPAPsL6,,,,,41.28460693,-73.89040375,anonymous,EN,1,5,5,medical claims investigator,3,4,3,3,4,2,4,4,2,3,3,4,3,3,3,3,4,3,3,2,3,3,4,2,4,2,4,4,3,3,2,3,2,2,13,1,4,43,46,18
1/7/21 07:07,1/7/21 07:14,0,100.12.205.161,100,398,1,1/7/21 07:14,R_UiEFwKaPb8nijND,,,,,40.73640442,-73.86949921,anonymous,EN,1,5,11,financial services,1,4,4,3,3,1,5,4,2,3,1,4,2,2,2,2,3,2,3,2,2,2,2,3,1,2,4,1,4,4,4,4,4,4,16,1,6,50,47,10
1/7/21 07:06,1/7/21 07:14,0,72.135.214.221,100,465,1,1/7/21 07:14,R_3JCbxcupDdbNvpz,,,,,43.21890259,-88.11650085,anonymous,EN,1,5,11,,3,1,1,1,3,1,2,2,1,1,1,4,4,3,2,1,1,2,3,3,4,1,1,3,2,2,2,5,1,1,1,3,2,2,25,1,5,38,50,21
1/7/21 07:08,1/7/21 07:14,0,76.16.218.224,100,359,1,1/7/21 07:14,R_2rAxeSLNkITQ0VG,,,,,42.21679688,-88.24449921,anonymous,EN,1,6,9,Sr. Operations Analyst - Linux Server Admin,2,4,4,1,4,1,3,4,2,3,2,4,1,4,4,5,3,2,2,3,3,2,1,2,2,2,2,2,2,4,4,4,4,4,36,1,4,50,59,10
1/7/21 07:08,1/7/21 07:14,0,216.41.252.187,100,396,1,1/7/21 07:14,R_1K8VOzWP8RQWbkx,,,,,36.56860352,-82.18190002,anonymous,EN,1,5,6,systems administrator,1,5,4,3,5,2,4,4,1,3,3,2,2,1,2,2,4,2,2,3,3,1,1,1,1,1,1,1,1,5,5,5,5,5,12,1,5,48,59,5
1/7/21 07:11,1/7/21 07:14,0,128.163.239.57,100,165,1,1/7/21 07:14,R_2AZLa9v5NcDmQIC,,,,,38.01519775,-84.48940277,anonymous,EN,1,5,6,Payroll administrator,2,2,3,1,1,1,3,4,2,3,1,3,1,1,2,2,4,2,1,1,2,1,2,2,4,2,5,4,2,5,5,5,5,5,18,1,5,44,41,5
1/7/21 07:12,1/7/21 07:14,0,73.146.51.80,100,150,1,1/7/21 07:14,R_2ayriMueSZrmNJ4,,,,,40.05380249,-86.14330292,anonymous,EN,1,5,11,Analyst,3,3,4,2,3,1,4,4,2,3,2,4,2,1,2,2,2,2,2,2,1,2,2,2,2,2,3,2,3,2,2,3,2,3,17,1,5,46,44,18
1/7/21 07:10,1/7/21 07:14,0,107.117.224.16,100,277,1,1/7/21 07:14,R_DPtt6Dzb17LaUFz,,,,,29.54179382,-98.42120361,anonymous,EN,1,5,5,"Currently I am working in the Navy, as security forces, day starts for me at 8am to 2pm it ends",1,4,2,1,1,1,3,5,1,3,2,3,1,1,1,1,1,1,1,1,1,1,1,1,1,1,1,1,1,5,4,5,5,5,11,1,4,47,48,6
1/7/21 07:11,1/7/21 07:15,0,74.66.198.41,100,236,1,1/7/21 07:15,R_2ScVwWGWkM61G9d,,,,,40.7960968,-73.95130157,anonymous,EN,1,8,9,Investor,1,5,5,1,4,1,5,5,1,3,1,1,1,3,3,3,1,1,1,1,1,1,1,1,1,1,1,1,1,4,2,5,4,3,17,1,6,55,54,12
1/7/21 07:11,1/7/21 07:15,0,73.130.67.22,100,198,1,1/7/21 07:15,R_1Do5TFlnXaZrcmi,,,,,39.79510498,-76.97940063,anonymous,EN,1,6,4,"Lead Graphic Designer for 30hrs a week, corporate customer service agent 25hrs a week",3,4,3,4,4,1,4,5,1,3,3,4,2,3,3,3,3,1,2,1,2,3,1,1,3,1,2,4,4,3,2,3,2,4,15,2,5,46,47,16
1/7/21 07:11,1/7/21 07:15,0,76.86.148.104,100,232,1,1/7/21 07:15,R_p5drBKQMJwic49P,,,,,34.12109375,-117.436203,anonymous,EN,2,5,5,,,,,,,,,,,,,,,,,,,,,,,,,,,,,,,,,,,,,,,,,
1/7/21 07:09,1/7/21 07:15,0,12.188.13.146,100,319,1,1/7/21 07:15,R_28BvK7wKrTze8yT,,,,,38.54400635,-91.01550293,anonymous,EN,1,5,5,Insurance sales,1,3,3,1,3,1,4,3,2,3,1,3,1,1,1,2,1,1,1,1,1,1,1,1,1,1,1,1,1,5,5,5,5,5,15,2,3,48,49,5
1/7/21 07:10,1/7/21 07:15,0,107.145.241.181,100,266,1,1/7/21 07:15,R_bIUAeCxTZmovEGt,,,,,28.59809875,-81.35150146,anonymous,EN,1,5,11,software development,3,4,3,4,3,2,2,4,1,3,2,2,2,2,4,4,5,4,2,3,2,1,1,3,2,2,2,3,2,4,3,4,3,1,23,1,6,40,58,15
1/7/21 07:11,1/7/21 07:15,0,72.78.230.48,100,239,1,1/7/21 07:15,R_2YkOwrVojBc0CnN,,,,,40.60270691,-75.47779846,anonymous,EN,1,5,11,College Professor,1,4,4,2,5,1,4,5,1,3,1,4,2,3,5,5,3,5,2,5,1,1,1,1,1,1,1,1,1,5,3,5,4,2,31,2,7,54,69,11
1/7/21 07:10,1/7/21 07:15,0,207.162.135.210,100,271,1,1/7/21 07:15,R_OBC92WtKWWDikBb,,,,,36.32269287,-95.59760284,anonymous,EN,1,5,6,Technology Facilitator,1,4,3,2,4,2,4,4,2,3,1,3,2,4,3,3,4,4,3,3,3,2,2,1,1,1,1,1,2,3,3,4,3,4,37,1,5,48,64,13
1/7/21 07:11,1/7/21 07:15,0,24.38.94.98,100,219,1,1/7/21 07:15,R_1JCRC3WTsEgkRUo,,,,,40.85270691,-74.65139771,anonymous,EN,1,5,6,Government ,2,3,3,2,4,2,3,4,2,3,2,2,2,2,3,3,3,2,3,2,2,1,2,1,1,2,2,2,2,4,4,4,4,3,13,1,5,43,55,11
1/7/21 07:12,1/7/21 07:15,0,74.78.90.137,100,184,1,1/7/21 07:15,R_1eEjC3lJmburQfp,,,,,43.92190552,-70.44979858,anonymous,EN,1,4,6,Information technology,,,,,,,,,,,,,,,,,,,,,,,,,,,,,,,,,,,,,,,,
1/7/21 07:11,1/7/21 07:15,0,71.59.208.89,100,257,1,1/7/21 07:15,R_O3gYvJfMNZJWZEJ,,,,,45.54719543,-122.6417007,anonymous,EN,1,5,4,Maintenance technician,1,2,2,1,3,1,2,4,2,3,4,4,2,4,3,2,4,1,1,2,1,1,1,1,2,1,1,1,1,5,3,5,4,4,11,1,2,42,57,9
1/7/21 07:08,1/7/21 07:15,0,73.73.71.41,100,413,1,1/7/21 07:15,R_2ON0gemq70bVOMz,,,,,42.03819275,-88.26200104,anonymous,EN,1,5,8,finance manager,2,4,2,1,3,2,4,4,1,3,1,2,2,2,3,2,3,2,2,2,2,2,1,2,2,1,1,1,1,4,4,5,4,5,11,1,5,46,55,8
1/7/21 07:11,1/7/21 07:15,0,73.118.226.133,100,262,1,1/7/21 07:15,R_3gOEnruph1kGMgZ,,,,,47.80220032,-122.2859955,anonymous,EN,1,5,11,Data engineer,4,4,4,3,4,2,3,4,3,3,3,3,2,3,4,3,3,2,3,3,2,1,2,2,2,2,2,2,2,3,3,3,3,3,22,1,6,41,56,15
1/7/21 07:12,1/7/21 07:15,0,174.103.172.120,100,213,1,1/7/21 07:15,R_ymCgzTOOC5nF39L,,,,,43.08180237,-87.89199829,anonymous,EN,1,7,9,"financial analyst, and janitor on the weekends",3,4,4,3,3,2,4,4,3,3,2,3,2,3,3,2,4,3,3,3,2,2,2,2,2,2,3,2,2,5,4,5,5,5,14,1,6,43,54,6
1/7/21 07:11,1/7/21 07:15,0,98.222.35.7,100,268,1,1/7/21 07:15,R_2zbSbCVL9JM4LLK,,,,,39.7696991,-89.68859863,anonymous,EN,1,5,8,manager alarm company,2,3,4,3,3,2,4,4,3,3,2,2,2,3,3,3,3,2,2,2,2,2,2,2,2,2,3,2,2,3,2,3,2,2,23,1,3,42,51,18
1/7/21 07:10,1/7/21 07:15,0,47.200.203.243,100,336,1,1/7/21 07:15,R_2TRvmacZnbOqwcM,,,,,27.94619751,-82.46070099,anonymous,EN,1,5,12,Estate surveyor,3,4,2,2,1,2,4,4,1,3,1,3,1,3,4,3,3,1,3,4,2,2,3,2,1,3,2,2,2,4,3,3,3,3,13,1,6,44,54,14
1/7/21 07:10,1/7/21 07:15,0,66.90.191.31,100,312,1,1/7/21 07:15,R_DwAKutEQ01VgxNv,,,,,29.873703,-97.93609619,anonymous,EN,1,5,7,Pega Junior Developer ,1,3,4,2,2,2,3,4,2,3,2,3,2,2,4,4,2,2,2,1,2,4,1,2,1,2,2,2,2,4,2,4,2,4,19,1,3,44,51,14
1/7/21 07:12,1/7/21 07:16,0,24.112.118.69,100,238,1,1/7/21 07:16,R_1gLt2sE1rUVvOkT,,,,,36.57670593,-83.6072998,anonymous,EN,1,7,7,manufacturing manager,1,5,5,1,5,1,5,5,1,3,2,4,3,1,4,5,1,1,2,2,2,1,1,1,1,1,2,1,1,5,5,5,5,5,27,1,2,56,57,5
1/7/21 07:12,1/7/21 07:16,0,71.115.29.112,100,224,1,1/7/21 07:16,R_1jP4lbclb3mbB9u,,,,,37.56350708,-77.4838028,anonymous,EN,1,5,11,Software Developer,1,1,3,2,1,3,3,3,4,3,1,2,3,4,4,2,2,2,2,2,2,1,2,2,2,2,3,2,4,4,2,4,2,4,17,1,5,35,50,14
1/7/21 07:12,1/7/21 07:16,0,174.100.246.165,100,238,1,1/7/21 07:16,R_1OqTQZ02ZIuwTrk,,,,,39.94520569,-82.97380066,anonymous,EN,1,6,7,University administrator ,2,2,4,3,4,1,4,3,2,3,1,4,1,1,1,3,2,2,2,1,2,2,2,2,2,2,3,3,2,2,3,2,2,3,14,2,7,47,44,18
1/7/21 07:10,1/7/21 07:16,0,173.219.108.98,100,356,1,1/7/21 07:16,R_1IBnu8qF4GoPgh8,,,,,35.98219299,-96.75260162,anonymous,EN,1,5,5,"2nd grade teacher
",1,3,3,4,3,1,4,3,2,3,2,2,2,4,3,1,5,1,1,1,1,1,1,1,1,1,1,1,2,1,1,4,2,3,19,2,5,42,56,19
1/7/21 07:11,1/7/21 07:16,0,68.255.231.128,100,265,1,1/7/21 07:16,R_2TntPqxkQDX5waa,,,,,32.55050659,-83.60440063,anonymous,EN,1,5,9,Engineer,1,2,4,1,3,2,3,3,3,3,3,2,2,3,5,4,5,3,3,2,5,3,2,2,2,1,1,2,2,3,3,3,3,4,12,1,5,41,63,14
1/7/21 07:12,1/7/21 07:16,0,73.153.131.165,100,241,1,1/7/21 07:16,R_31WvLytV3gXvFqp,,,,,39.90379333,-104.9419022,anonymous,EN,1,5,9,Senior Information Security Engineer,3,2,4,2,3,1,3,5,2,3,2,4,1,3,3,3,4,2,2,2,1,2,2,2,1,2,1,1,1,4,3,4,4,4,22,1,6,46,56,11
1/7/21 07:12,1/7/21 07:16,0,172.58.59.188,100,236,1,1/7/21 07:16,R_3nPqn7zszabBMBP,,,,,39.73199463,-104.8632965,anonymous,EN,1,7,12,Graphic designer,3,3,2,4,3,3,2,3,3,3,3,3,3,4,5,4,2,2,2,2,2,2,2,2,3,2,2,2,3,4,3,3,3,4,24,1,6,33,53,13
1/7/21 07:12,1/7/21 07:16,0,65.188.107.16,100,246,1,1/7/21 07:16,R_2f6zQsatSqStJ3h,,,,,35.41549683,-80.61430359,anonymous,EN,1,6,11,I am a Sr. Financial Analyst at a Fortune 50 Company,1,1,1,5,1,1,1,2,3,3,2,1,1,1,1,1,1,2,1,1,1,4,4,4,1,3,4,4,2,2,1,2,2,3,12,1,5,30,31,20
1/7/21 07:12,1/7/21 07:16,0,174.204.10.173,100,255,1,1/7/21 07:16,R_1N9TZ4ywHGbCoF6,,,,,43.61650085,-116.2001038,anonymous,EN,1,6,12,Staff Scientist,2,4,4,2,4,2,4,4,2,3,2,3,2,3,4,2,5,4,2,4,4,1,1,1,1,1,1,1,1,5,5,5,5,4,27,1,6,47,68,6
1/7/21 07:11,1/7/21 07:17,0,68.197.112.179,100,345,1,1/7/21 07:17,R_PA5heKmz6O3cUoN,,,,,41.168396,-73.84980011,anonymous,EN,1,6,7,High School Science Teacher,3,2,3,3,2,2,3,4,2,3,4,3,2,2,2,1,2,3,4,2,3,4,4,4,4,3,4,3,4,1,1,1,1,1,16,1,6,37,37,25
1/7/21 07:14,1/7/21 07:17,0,69.92.145.242,100,187,1,1/7/21 07:17,R_6PvXq64tGiVTuKZ,,,,,37.22920227,-95.71649933,anonymous,EN,1,5,4,social services assistant,2,5,4,2,5,1,5,5,1,3,2,4,1,3,3,3,3,1,2,1,2,1,1,1,2,2,2,1,1,5,5,5,5,5,21,2,2,55,55,5
1/7/21 07:10,1/7/21 07:17,0,69.204.34.175,100,384,1,1/7/21 07:17,R_3O8QEjRMBC01cVE,,,,,42.92970276,-78.74340057,anonymous,EN,1,5,5,"
",3,3,3,2,3,,3,3,3,2,3,4,5,3,3,3,4,3,3,1,2,4,2,1,1,1,3,3,1,2,3,3,2,3,33,2,6,33,54,17
1/7/21 07:12,1/7/21 07:17,0,97.77.232.42,100,302,1,1/7/21 07:17,R_2qvZshY7sAU3kXo,,,,,30.06880188,-94.10389709,anonymous,EN,1,4,11,SOFTWARE DEVELOPMENT,,,,,,,,,,,,,,,,,,,,,,,,,,,,,,,,,,,,,,,,
1/7/21 07:11,1/7/21 07:17,0,208.67.140.131,100,343,1,1/7/21 07:17,R_11iHEDI1Dlx7YY1,,,,,40.00619507,-76.85549927,anonymous,EN,1,5,5,Educator,3,4,4,3,3,1,4,5,2,3,3,3,2,4,3,4,3,3,3,2,4,2,1,1,2,2,2,2,3,4,4,4,4,3,11,1,5,45,59,11
1/7/21 07:11,1/7/21 07:17,0,139.60.140.42,100,376,1,1/7/21 07:17,R_1oBedNrBXZRdrDE,,,,,34.66889954,-86.229599,anonymous,EN,1,5,6,I am a department supervisor at a fixture manufacturing plant.,2,4,4,2,4,2,4,4,2,3,2,3,2,4,4,3,3,2,2,2,2,2,2,1,2,2,2,1,2,3,2,4,4,3,32,1,3,47,56,14
1/7/21 07:12,1/7/21 07:17,0,96.241.34.184,100,338,1,1/7/21 07:17,R_2dQlkEpnXhfXHNm,,,,,38.33650208,-77.43659973,anonymous,EN,1,5,12,I'm a CIO and work in Information Technology.,1,3,3,2,4,1,4,4,1,3,1,3,1,2,2,3,2,1,1,2,2,1,1,1,1,1,1,1,1,4,3,4,4,3,35,1,6,50,55,12
1/7/21 07:13,1/7/21 07:17,0,73.236.250.68,100,278,1,1/7/21 07:17,R_3NOfS0N8eSFaRHu,,,,,40.19369507,-79.92410278,anonymous,EN,1,5,12,Operations Manager of a small manufacturing company,1,4,4,1,4,1,4,4,1,3,1,3,1,3,3,3,1,2,1,2,3,1,1,1,1,1,1,1,1,5,5,5,5,5,19,2,3,53,58,5
1/7/21 07:13,1/7/21 07:18,0,172.58.107.210,100,271,1,1/7/21 07:18,R_1in5Gbtyn2OBVBP,,,,,32.89639282,-96.8635025,anonymous,EN,1,5,5,"I'm a supervisor at an advertisement agency
",2,4,4,2,4,2,4,4,2,3,2,3,1,2,2,3,4,4,4,4,3,2,2,2,2,2,2,2,2,4,4,4,4,4,18,1,5,48,58,10
1/7/21 07:12,1/7/21 07:18,0,165.225.38.238,100,309,1,1/7/21 07:18,R_1hFlNhcqZuhhvjK,,,,,40.71490479,-73.98930359,anonymous,EN,1,5,7,"Solutions Engineer, Corporate Actions
",2,2,3,3,2,2,3,3,2,3,2,1,2,4,2,2,3,2,2,2,2,2,2,2,3,2,4,4,4,4,2,4,2,3,18,1,5,37,44,15
1/7/21 07:11,1/7/21 07:18,0,162.226.243.254,100,436,1,1/7/21 07:18,R_3EszWbXysmRSdQb,,,,,42.11120605,-88.04389954,anonymous,EN,1,5,6,Finance analyst,2,3,3,3,2,1,3,2,2,3,3,2,2,2,2,2,4,2,2,2,2,2,2,2,2,2,4,2,2,2,2,2,2,2,13,1,5,38,48,20
1/7/21 07:11,1/7/21 07:18,0,72.198.247.72,100,413,1,1/7/21 07:18,R_1DHkhA8ja6T8djm,,,,,32.59379578,-83.64199829,anonymous,EN,1,5,11,Doctor,1,4,1,1,5,1,5,5,1,3,1,1,1,1,1,2,1,2,2,2,1,1,1,1,1,1,1,1,1,5,5,4,4,2,13,1,5,51,52,10
1/7/21 07:10,1/7/21 07:18,0,97.86.200.54,100,487,1,1/7/21 07:18,R_3lYwj7oWHLIg2N4,,,,,38.71380615,-89.96579742,anonymous,EN,1,5,11,IT,3,3,4,4,2,1,4,3,1,3,1,3,2,3,3,2,3,4,4,5,2,1,2,1,1,1,2,2,1,3,2,2,3,3,28,1,6,43,63,17
1/7/21 07:09,1/7/21 07:19,0,72.198.247.72,100,593,1,1/7/21 07:19,R_z2se6dkfNqyD8Rj,,,,,32.59379578,-83.64199829,anonymous,EN,1,5,11,Doctor,1,4,1,1,5,1,5,3,1,3,1,1,1,1,1,1,1,1,2,1,1,1,1,1,1,1,1,1,1,5,5,4,5,1,13,1,6,49,49,10
1/7/21 07:11,1/7/21 07:19,0,75.117.0.123,100,481,1,1/7/21 07:19,R_wLfwoR7jDZ52k9j,,,,,31.77130127,-84.52269745,anonymous,EN,1,5,7,Loan Processor,1,5,3,1,5,1,5,5,1,3,3,3,1,5,4,4,2,1,1,1,1,1,1,1,1,1,1,1,1,5,5,5,5,5,22,1,4,54,59,5
1/7/21 07:12,1/7/21 07:20,0,67.250.7.217,100,454,1,1/7/21 07:20,R_vesK6GMjHwIY8xP,,,,,40.751297,-73.82440186,anonymous,EN,1,6,10,I work in the Technology industry as an IT Director.,2,4,4,2,3,1,4,4,2,3,2,3,2,1,2,1,1,1,1,1,3,1,2,3,1,2,2,1,2,3,3,5,4,3,8,1,5,47,45,12
1/7/21 07:06,1/7/21 07:20,0,107.117.208.89,100,802,1,1/7/21 07:20,R_1LksEfClWGsK2IF,,,,,38.64149475,-121.5113983,anonymous,EN,1,6,8,I'm an electrician.,1,3,3,4,4,1,4,4,1,3,1,3,1,2,2,2,4,1,2,1,1,1,1,1,1,1,3,2,2,2,1,5,3,3,7,1,3,48,51,16
1/7/21 07:12,1/7/21 07:21,0,67.162.114.47,100,504,1,1/7/21 07:21,R_1i34TqpL9vyWodi,,,,,42.16140747,-87.96600342,anonymous,EN,1,5,8,Finance,1,5,3,1,4,1,4,4,1,3,2,1,1,4,2,2,1,1,4,2,1,1,1,1,1,1,1,1,1,2,2,4,1,3,13,2,6,50,57,18
1/7/21 07:10,1/7/21 07:21,0,172.117.137.137,100,681,1,1/7/21 07:21,R_3I3FyQUX5hni5Bk,,,,,34.17649841,-118.6139984,anonymous,EN,1,5,5,,2,4,3,1,2,3,3,2,3,3,2,2,3,4,3,3,2,2,3,3,2,3,3,3,2,2,3,3,3,2,2,5,2,3,31,2,6,38,48,16
1/7/21 07:15,1/7/21 07:21,0,76.184.199.138,100,361,1,1/7/21 07:21,R_1YVUkP0zSgvnhkt,,,,,33.19760132,-96.61779785,anonymous,EN,1,5,9,I'm a Senior Operations Consultant for a large bank.,2,3,3,4,4,1,4,4,1,3,1,3,2,2,2,2,3,2,1,5,3,2,2,1,1,1,4,4,5,4,2,3,3,4,21,1,5,46,52,14
1/7/21 07:19,1/7/21 07:22,0,97.77.232.42,100,187,1,1/7/21 07:22,R_3kGP56ZDZ7w7erb,,,,,30.06880188,-94.10389709,anonymous,EN,1,5,11,INFORMATION TECHNOLOGY,3,2,2,3,2,2,2,3,3,3,2,3,2,1,2,4,2,1,4,1,2,2,2,1,2,2,2,2,2,2,2,1,3,1,23,1,6,35,50,21
1/7/21 07:10,1/7/21 07:22,0,74.134.141.30,100,721,1,1/7/21 07:22,R_C8hycfk5akjOvfP,,,,,38.3085022,-85.81600189,anonymous,EN,1,5,5,,4,4,3,2,3,3,4,2,3,3,4,2,3,3,3,2,2,2,2,2,3,2,2,3,2,2,3,3,3,2,1,4,2,1,32,2,6,35,47,20
1/7/21 07:11,1/7/21 07:22,0,50.58.38.94,100,657,1,1/7/21 07:22,R_2YnOtL1Ji5msMhH,,,,,36.19009399,-86.80529785,anonymous,EN,1,5,5,"Batching Specialist
",2,4,3,3,3,1,4,4,2,3,4,3,2,2,1,2,2,1,1,1,1,1,1,2,1,1,2,1,1,4,4,4,4,4,7,2,2,43,49,10
1/7/21 07:16,1/7/21 07:23,0,172.58.7.46,100,449,1,1/7/21 07:23,R_3NE562ePx5cyeR2,,,,,33.88949585,-84.292099,anonymous,EN,1,5,12,Data Analyst,3,1,2,3,2,2,3,3,2,3,4,3,2,4,4,2,2,3,4,3,4,3,2,2,2,3,2,2,2,3,2,3,3,4,13,1,6,34,56,15
1/7/21 07:11,1/7/21 07:24,0,32.213.149.96,100,777,1,1/7/21 07:24,R_1hGSlVDdv8SVSNN,,,,,41.2572937,-73.2111969,anonymous,EN,1,5,6,Sourcing Operations Coordinator,1,2,3,1,4,2,4,3,1,3,2,1,1,4,3,2,2,2,1,1,1,1,1,1,1,2,2,2,2,2,2,3,1,4,17,1,3,45,52,18
1/7/21 07:08,1/7/21 07:24,0,24.249.130.155,100,939,1,1/7/21 07:24,R_YQsabEDQOkpensJ,,,,,37.67720032,-97.15830231,anonymous,EN,1,6,3,softwear engineer,1,4,4,3,4,1,4,4,2,3,3,2,3,3,4,4,2,5,3,4,3,1,2,2,1,1,2,1,1,3,4,5,4,2,11,1,5,45,65,12
1/7/21 07:08,1/7/21 07:25,0,74.196.181.83,100,979,1,1/7/21 07:25,R_1NEWEX3a7JnQA4K,,,,,32.96279907,-96.3647995,anonymous,EN,1,5,6,Customer service representative,3,3,2,3,4,2,3,4,2,3,2,3,2,2,2,4,3,4,4,2,2,3,2,4,2,3,3,3,3,3,4,4,4,5,7,2,5,41,48,10
1/7/21 07:12,1/7/21 07:25,0,75.190.212.238,100,741,1,1/7/21 07:25,R_1doR8UwcJnMNWo6,,,,,35.40100098,-80.8687973,anonymous,EN,1,5,11,Manager,2,2,2,4,3,1,2,2,2,2,2,2,3,2,4,2,2,2,2,4,2,1,2,2,2,2,1,2,2,5,5,5,5,5,27,1,6,35,54,5
1/7/21 07:08,1/7/21 07:25,0,71.104.16.136,100,1014,1,1/7/21 07:25,R_2WM6ZRFzRqcgSfP,,,,,40.75230408,-74.21720123,anonymous,EN,1,5,8,Firefighter,1,4,3,1,5,1,5,5,2,3,2,5,1,5,5,1,5,1,5,1,5,1,1,5,1,2,1,1,1,5,5,5,5,5,22,1,5,55,63,5
1/7/21 07:12,1/7/21 07:26,0,108.30.163.186,100,802,1,1/7/21 07:26,R_DkOtcenC3FazYCB,,,,,40.76530457,-73.95890045,anonymous,EN,1,5,8,Technologist,1,3,3,2,2,1,4,4,1,3,3,2,1,2,2,2,1,2,2,2,2,1,1,2,1,1,2,2,2,3,3,3,3,3,13,1,6,45,51,15
1/7/21 07:10,1/7/21 07:27,0,166.250.1.171,100,990,1,1/7/21 07:27,R_ai1Z2zBDQ7qHVDP,,,,,37.75100708,-97.8219986,anonymous,EN,1,5,5,managing.,3,3,3,3,4,3,3,2,2,3,3,3,3,1,3,2,2,2,2,2,3,2,3,2,3,3,3,3,3,1,3,1,3,1,32,2,6,37,43,21
1/7/21 07:28,1/7/21 07:30,0,23.242.139.246,100,92,1,1/7/21 07:30,R_ZfnweyVMyuZgskp,,,,,33.75180054,-117.9931946,anonymous,EN,1,4,11,Manager (IT) ,,,,,,,,,,,,,,,,,,,,,,,,,,,,,,,,,,,,,,,,
1/7/21 07:07,1/7/21 07:30,0,50.249.206.126,100,1411,1,1/7/21 07:30,R_1myDIaiyyFihsPu,,,,,42.12120056,-87.84049988,anonymous,EN,1,5,1,"I work as a Learning Center Facilitator. This local Learning Center is a new space that was created because of the COVID-19 Pandemic. It is a place where 1st-8th grade students can come in-person to complete online school. It is mostly for single-parent households and/or families whose parents want to go to work. This means they cannot stay home and watch their children complete online school. Therefore, the Learning Center was created. ",2,3,4,3,4,1,4,4,2,3,2,4,1,4,4,4,4,4,3,2,4,1,2,1,2,3,3,2,2,3,4,4,2,4,5,2,5,48,61,13
1/7/21 07:12,1/7/21 07:32,0,38.94.34.22,100,1172,1,1/7/21 07:32,R_2qk0Y5g54UEQNtW,,,,,41.84829712,-87.65170288,anonymous,EN,1,5,11,Information technology,2,3,2,1,4,1,5,2,1,3,1,1,1,1,3,1,1,1,1,1,1,2,1,1,1,1,2,1,1,1,2,5,4,1,23,1,5,46,48,17
1/7/21 07:10,1/7/21 07:33,0,98.180.209.244,100,1348,1,1/7/21 07:33,R_QgDE5hcEqTK2tiN,,,,,36.36700439,-94.30889893,anonymous,EN,1,5,6,CAD Designer ,2,3,3,4,1,2,2,3,2,3,2,2,2,2,2,2,1,1,1,1,1,2,2,2,3,3,3,3,3,1,1,2,2,1,11,1,5,36,38,23
1/7/21 07:13,1/7/21 07:35,0,70.95.11.88,100,1319,1,1/7/21 07:35,R_9N4D5Er0FdGlEC5,,,,,32.91639709,-117.1392975,anonymous,EN,1,5,11,Upper management,1,2,4,5,4,1,2,3,2,3,2,2,2,2,4,4,3,3,4,4,1,1,2,2,2,1,1,1,1,5,2,5,5,5,25,1,6,40,62,8
1/7/21 07:44,1/7/21 07:53,0,71.167.120.170,100,574,1,1/7/21 07:54,R_b3YRzG2QmqvFoxH,,,,,40.63240051,-74.11710358,anonymous,EN,1,5,3,"Educational Administrator

",2,4,4,2,3,1,4,4,2,3,2,4,1,2,4,3,4,3,3,3,2,1,1,1,1,1,1,1,1,4,4,4,4,4,13,1,4,49,64,10
1/7/21 07:11,1/7/21 08:07,0,72.187.235.244,100,3386,1,1/7/21 08:07,R_2Sw9rQ0jL2ihcIK,,,,,40.91239929,-74.41130066,anonymous,EN,1,5,11,Supervisor,2,2,1,3,2,3,2,3,2,2,1,2,3,4,2,4,1,2,4,4,5,2,2,2,1,1,2,2,1,4,4,4,4,3,19,2,6,34,61,11
1/7/21 07:19,1/7/21 13:59,0,98.167.196.174,100,24005,1,1/7/21 13:59,R_xbUC23gTCSnHaox,,,,,33.3321991,-111.9942017,anonymous,EN,1,5,7,Software Engineer,1,3,5,3,3,1,4,4,2,3,1,1,1,1,5,3,3,2,2,2,3,1,1,1,1,1,2,1,2,5,4,4,5,5,14,2,6,47,59,7